{
  "batch_size": 4,
  "epochs": 3,
  "learning_rate": 0.001,
  "loss_name": "CrossEntropyLoss",
  "loss_weights": [
    0.3180195689201355,
    0.4422855079174042,
    0.4583786725997925,
    2.7813162803649902
  ],
  "model_name": "Unet/resnet34",
  "preprocessing": {
    "image_size": [
      256,
      256
    ],
    "label_scheme": "NAV",
    "require_original_shape_match": true
  },
  "seed": 42
}