{
  "epoch": 3,
  "finite_loss_batches": 1735,
  "mean_iou": 0.4618382674866338,
  "per_class_iou": [
    0.49608000581009926,
    0.6179320402617549,
    0.5078447371147233,
    0.2254962867599578
  ],
  "pixel_acc": 0.6801691737267046,
  "skipped_all_ignore_loss_batches": 25,
  "train_loss": 0.7596444675510049,
  "val_loss": 0.8180001989930267
}