{
  "epoch": 3,
  "mean_iou": 0.40200891354476875,
  "per_class_iou": [
    0.39684185333846966,
    0.5752230106533239,
    0.4495607990641883,
    0.18640999112309303
  ],
  "pixel_acc": 0.6074892410611173,
  "train_loss": 0.7802371654740062,
  "val_loss": NaN
}